,size,avg,std
0,10,0.017604798840000012,0.0019791780777118316
1,50,0.08006343218,0.0017865276054111028
2,100,0.15744464520000007,0.002108471686809235
3,500,0.7756297285199999,0.01957160431747907
4,1000,1.5232170894399997,0.012611283337568216
5,1500,2.458835876799999,0.09575878248147207
6,2000,3.273388795939997,0.22635320248060103
