,size,avg,std
0,10,0.014714683719998903,0.0005575087920517686
1,50,0.07234493548000046,0.0011735686030279182
2,100,0.1425689973999988,0.001405960795333141
3,500,0.7256305470200004,0.0029330307834707333
4,1000,1.7528350989399997,0.22526043925137254
5,1500,2.394181889399999,0.11915913013227644
6,2000,3.0035103985999987,0.06574998248834991
