,size,avg,std
0,10,0.014292506,0.000843084399005928
1,50,0.071412796,0.001897208653049693
2,100,0.1407496617700001,0.0010891376913382302
3,500,0.7215590310899997,0.02545762086449297
4,1000,1.3357915945100003,0.03629545472487504
5,1500,2.0030771710399997,0.04704149859415098
6,2000,2.677879653689999,0.04708744515226512
