,size,avg,std
0,10,0.017436407370000004,0.0012582277508602629
1,50,0.08095924176,0.003323261917077718
2,100,0.15873218666999997,0.0042647877033517145
3,500,0.7741018616700001,0.01529043719562605
4,1000,1.4662599166799999,0.014567186490315465
5,1500,2.20666903372,0.015090131295449848
6,2000,3.1898845523199992,0.31154333950794305
